,mean_fit_time,std_fit_time,mean_score_time,std_score_time,param_reg_param,param_tol,params,split0_test_score,split1_test_score,split2_test_score,mean_test_score,std_test_score,rank_test_score,split0_train_score,split1_train_score,split2_train_score,mean_train_score,std_train_score,rank_train_score
0,0.0015579064687093098,0.00016609025324374304,0.00274809201558431,6.507978085071498e-05,0.0,1e-06,"OrderedDict([('reg_param', 0.0), ('tol', 1e-06)])",0.23394617639221887,0.26455026455026387,0.007996413265019542,0.16883095140250073,0.1144114331303739,2,0.3186052065918314,0.34356570160613525,0.5495569188820714,0.403909275693346,0.10349133152962608,2
1,0.0011668205261230469,5.3163601012319474e-05,0.0028689702351888022,0.00035850556717970106,1.0,1e-07,"OrderedDict([('reg_param', 1.0), ('tol', 1e-07)])",-0.34354435406389966,0.1136964258370341,-0.07757615337967133,-0.10247469386884563,0.18749619674359946,5,0.0714354294150093,0.21134728586993412,0.21599328633769654,0.16625866720754665,0.06707697642351747,5
2,0.0011254151662190754,3.3324818954469616e-05,0.0026787122090657554,0.00023742790499909632,0.5,1e-07,"OrderedDict([('reg_param', 0.5), ('tol', 1e-07)])",0.3686183750188811,0.23087956470755788,0.522310640581835,0.37393619343609136,0.11903564561606039,1,0.6455062892621379,0.511470163513829,0.5903200467114276,0.5824321664957982,0.05500354377750709,1
3,0.0014816125233968098,0.0004656399015178263,0.0036039352416992188,0.0015417012299326872,0.0,1e-06,"OrderedDict([('reg_param', 0.0), ('tol', 1e-06)])",0.23394617639221887,0.26455026455026387,0.007996413265019542,0.16883095140250073,0.1144114331303739,2,0.3186052065918314,0.34356570160613525,0.5495569188820714,0.403909275693346,0.10349133152962608,2
4,0.0012436707814534504,8.47779128820203e-05,0.002895911534627279,0.0005027287146102193,0.0,1e-06,"OrderedDict([('reg_param', 0.0), ('tol', 1e-06)])",0.23394617639221887,0.26455026455026387,0.007996413265019542,0.16883095140250073,0.1144114331303739,2,0.3186052065918314,0.34356570160613525,0.5495569188820714,0.403909275693346,0.10349133152962608,2
